GO.ID,Term,Annotated,Significant,Expected,Rank in classicFisher,classicFisher,elimFisher,topgoFisher,parentchildFisher
GO:0006355,regulation of transcription DNA-templat...,492,380,309.81,37,1.7e-12,1.2e-08,3.7e-09,0.78402
GO:0035556,intracellular signal transduction,311,242,195.84,57,7.0e-09,6.3e-05,4.2e-07,< 1e-30
GO:0007018,microtubule-based movement,76,68,47.86,73,1.6e-07,1.6e-07,8.1e-07,0.06693
GO:0006886,intracellular protein transport,103,84,64.86,111,3.0e-05,3.0e-05,1.2e-06,0.20216
GO:0006511,ubiquitin-dependent protein catabolic pr...,72,63,45.34,86,2.9e-06,2.9e-06,7.3e-06,1.00000
GO:0016579,protein deubiquitination,38,36,23.93,93,6.0e-06,6.0e-06,1.4e-05,1.00000
GO:0016192,vesicle-mediated transport,124,113,78.08,34,5.1e-13,6.4e-06,2.7e-05,1.6e-09
GO:0055114,oxidation-reduction process,562,402,353.89,92,5.5e-06,5.5e-06,5.3e-05,0.91919
GO:0006281,DNA repair,124,106,78.08,62,2.0e-08,3.9e-05,9.2e-05,4.4e-11
GO:0006357,regulation of transcription from RNA pol...,57,52,35.89,80,1.2e-06,1.2e-06,9.3e-05,0.00412
GO:0055085,transmembrane transport,578,405,363.97,120,0.00012,0.00012,0.00034,2.6e-11
GO:0035023,regulation of Rho protein signal transdu...,37,33,23.3,140,0.00035,0.00035,0.00035,1.00000
GO:0006397,mRNA processing,65,51,40.93,223,0.00540,0.00540,0.00079,0.86888
GO:0006351,transcription DNA-templated,562,440,353.89,28,3.7e-16,1.1e-05,0.00091,0.16159
GO:0008152,metabolic process,4017,2860,2529.52,1,< 1e-30,0.00011,0.00133,< 1e-30
GO:0006396,RNA processing,185,149,116.5,72,1.2e-07,0.00053,0.00300,0.12825
GO:0006887,exocytosis,26,25,16.37,118,9.6e-05,9.6e-05,0.00383,0.20542
GO:0006364,rRNA processing,23,22,14.48,138,0.00034,0.00034,0.00627,0.06820
GO:0006464,cellular protein modification process,868,603,546.58,98,1.2e-05,0.00962,0.00639,0.75868
GO:0006338,chromatin remodeling,16,15,10.08,230,0.00632,0.00632,0.00974,0.53695
GO:0043087,regulation of GTPase activity,18,16,11.33,311,0.01554,0.01554,0.00975,0.25127
GO:0006298,mismatch repair,10,10,6.3,260,0.00977,0.00977,0.00977,0.19521
GO:0045454,cell redox homeostasis,52,41,32.74,270,0.01055,0.01055,0.01055,1.2e-05
GO:0006260,DNA replication,62,50,39.04,180,0.00202,0.00202,0.01388,0.18344
GO:0030036,actin cytoskeleton organization,41,35,25.82,172,0.00144,0.04155,0.01535,0.66043
GO:0006096,glycolytic process,9,9,5.67,296,0.01552,0.01552,0.01552,0.46798
GO:0006904,vesicle docking involved in exocytosis,9,9,5.67,297,0.01552,0.01552,0.01552,0.66667
GO:0007224,smoothened signaling pathway,9,9,5.67,298,0.01552,0.01552,0.01552,0.00797
GO:0046854,phosphatidylinositol phosphorylation,9,9,5.67,299,0.01552,0.01552,0.01552,0.17909
GO:0006457,protein folding,50,39,31.49,318,0.01704,0.01704,0.01979,0.01039
GO:0060271,cilium morphogenesis,16,14,10.08,362,0.03159,0.03159,0.02107,0.18577
GO:0006099,tricarboxylic acid cycle,13,12,8.19,324,0.02108,0.02108,0.02108,0.08475
GO:0006810,transport,1202,837,756.9,68,7.9e-08,0.36755,0.02383,1.00000
GO:0005975,carbohydrate metabolic process,260,190,163.72,135,0.00029,0.01600,0.02408,0.41738
GO:0006139,nucleobase-containing compound metabolic...,1208,935,760.68,10,< 1e-30,0.56805,0.02420,1.6e-07
GO:0007156,homophilic cell adhesion via plasma memb...,31,25,19.52,349,0.02779,0.02779,0.02779,1.00000
GO:0007264,small GTPase mediated signal transductio...,137,109,86.27,105,1.8e-05,0.00339,0.03112,0.30204
GO:0006629,lipid metabolic process,201,138,126.57,420,0.05161,0.33240,0.03491,0.86884
GO:0009072,aromatic amino acid family metabolic pro...,11,11,6.93,227,0.00615,0.00615,0.03911,0.05709
GO:0016226,iron-sulfur cluster assembly,8,8,5.04,337,0.02467,0.02467,0.03917,0.10978
GO:0006207,'de novo' pyrimidine nucleobase biosynth...,7,7,4.41,374,0.03920,0.03920,0.03920,1.00000
GO:0007020,microtubule nucleation,7,7,4.41,375,0.03920,0.03920,0.03920,0.72695
GO:0046856,phosphatidylinositol dephosphorylation,7,7,4.41,376,0.03920,0.03920,0.03920,0.27716
GO:0070588,calcium ion transmembrane transport,37,29,23.3,371,0.03439,0.03439,0.04371,0.04524
GO:0006811,ion transport,537,362,338.15,294,0.01466,0.01466,0.05222,0.63767
GO:0015031,protein transport,120,99,75.56,83,2.1e-06,0.02114,0.06009,0.00094
GO:0006520,cellular amino acid metabolic process,130,104,81.86,104,1.8e-05,0.00720,0.06024,0.02425
GO:0007169,transmembrane receptor protein tyrosine ...,10,10,6.3,261,0.00977,0.00977,0.06216,0.13077
GO:0000724,double-strand break repair via homologou...,8,8,5.04,338,0.02467,0.02467,0.06222,0.52941
GO:0007099,centriole replication,7,7,4.41,377,0.03920,0.03920,0.06225,0.12471
GO:0001822,kidney development,6,6,3.78,427,0.06227,0.06227,0.06227,0.14376
GO:0015914,phospholipid transport,6,6,3.78,428,0.06227,0.06227,0.06227,0.02927
GO:0048015,phosphatidylinositol-mediated signaling,6,6,3.78,429,0.06227,0.06227,0.06227,1.00000
GO:0006352,DNA-templated transcription initiation,26,21,16.37,397,0.04210,0.04210,0.06239,0.47504
GO:0006807,nitrogen compound metabolic process,1591,1218,1001.86,5,< 1e-30,0.39062,0.06559,5.8e-10
GO:0006888,ER to Golgi vesicle-mediated transport,12,11,7.56,358,0.03122,0.03122,0.06724,0.20376
GO:0006413,translational initiation,19,15,11.96,552,0.11139,0.11139,0.07536,0.38351
GO:0006468,protein phosphorylation,497,323,312.96,684,0.17982,0.17982,0.07989,0.99995
GO:0006270,DNA replication initiation,13,11,8.19,475,0.08700,0.08700,0.08700,0.25270
GO:0006289,nucleotide-excision repair,13,11,8.19,476,0.08700,0.08700,0.08700,0.71474
GO:0015991,ATP hydrolysis coupled proton transport,13,11,8.19,477,0.08700,0.08700,0.08700,1.00000
GO:0006508,proteolysis,480,339,302.26,129,0.00016,0.03745,0.09001,0.14786
GO:0016567,protein ubiquitination,59,45,37.15,323,0.02092,0.02092,0.09716,1.00000
GO:0034314,Arp2/3 complex-mediated actin nucleation,12,11,7.56,359,0.03122,0.03122,0.09767,1.00000
GO:0008217,regulation of blood pressure,9,8,5.67,493,0.09782,0.09782,0.09782,0.40006
GO:0019885,antigen processing and presentation of e...,9,8,5.67,494,0.09782,0.09782,0.09782,1.00000
GO:0048193,Golgi vesicle transport,32,30,20.15,114,7.0e-05,7.0e-05,0.09810,0.03292
GO:0016570,histone modification,29,26,18.26,168,0.00133,0.00133,0.09832,0.02415
GO:0030154,cell differentiation,26,21,16.37,398,0.04210,0.04210,0.09864,0.83908
GO:0006820,anion transport,71,49,44.71,679,0.17496,0.17496,0.09868,0.43572
GO:0030509,BMP signaling pathway,9,9,5.67,300,0.01552,0.01552,0.09878,0.22732
GO:0060828,regulation of canonical Wnt signaling pa...,8,8,5.04,339,0.02467,0.02467,0.09882,0.12821
GO:0045944,positive regulation of transcription fro...,7,7,4.41,378,0.03920,0.03920,0.09886,0.43821
GO:0006368,transcription elongation from RNA polyme...,6,6,3.78,430,0.06227,0.06227,0.09889,0.50561
GO:0006471,protein ADP-ribosylation,5,5,3.15,513,0.09893,0.09893,0.09893,0.17506
GO:0006744,ubiquinone biosynthetic process,5,5,3.15,514,0.09893,0.09893,0.09893,1.00000
GO:0007064,mitotic sister chromatid cohesion,5,5,3.15,515,0.09893,0.09893,0.09893,0.38794
GO:0007076,mitotic chromosome condensation,5,5,3.15,516,0.09893,0.09893,0.09893,0.38794
GO:0032012,regulation of ARF protein signal transdu...,5,5,3.15,517,0.09893,0.09893,0.09893,0.60590
GO:0003333,amino acid transmembrane transport,16,13,10.08,548,0.10108,0.10108,0.10108,0.62436
GO:0006812,cation transport,305,202,192.06,566,0.12623,0.12623,0.11727,0.77706
GO:0042254,ribosome biogenesis,41,38,25.82,101,1.4e-05,0.01522,0.11803,0.14286
GO:0006182,cGMP biosynthetic process,12,10,7.56,561,0.11984,0.11984,0.11984,0.53096
GO:0030001,metal ion transport,234,149,147.35,1186,0.43937,0.43937,0.11999,0.97003
GO:0006751,glutathione catabolic process,15,12,9.45,567,0.13433,0.13433,0.13433,0.68656
GO:0007010,cytoskeleton organization,100,91,62.97,49,1.3e-10,0.00451,0.13642,0.00408
GO:0006366,transcription from RNA polymerase II pro...,76,68,47.86,74,1.6e-07,0.03915,0.13777,0.00576
GO:0032259,methylation,40,36,25.19,121,0.00012,0.13937,0.13937,0.00394
GO:0016311,dephosphorylation,81,60,51.01,330,0.02268,0.02268,0.13968,0.12897
GO:0006479,protein methylation,18,16,11.33,312,0.01554,0.01554,0.14043,0.83548
GO:0006487,protein N-linked glycosylation,11,10,6.93,408,0.04599,0.04599,0.14070,0.11221
GO:0000723,telomere maintenance,10,9,6.3,452,0.06732,0.06732,0.14076,0.20682
GO:0006821,chloride transport,9,8,5.67,495,0.09782,0.09782,0.14083,0.28824
GO:0006241,CTP biosynthetic process,8,7,5.04,574,0.14089,0.14089,0.14089,1.00000
GO:0016486,peptide hormone processing,8,7,5.04,575,0.14089,0.14089,0.14089,0.32461
GO:0010468,regulation of gene expression,524,402,329.96,40,2.2e-12,0.27482,0.14737,0.31460
GO:0000226,microtubule cytoskeleton organization,48,46,30.23,70,8.9e-08,8.9e-08,0.15527,0.00855
GO:0007059,chromosome segregation,30,28,18.89,128,0.00016,0.00966,0.15615,1.3e-05
GO:0006164,purine nucleotide biosynthetic process,48,39,30.23,213,0.00490,0.00490,0.15619,0.32731
GO:0048731,system development,45,37,28.34,205,0.00414,0.00414,0.15621,0.02946
GO:0006401,RNA catabolic process,23,22,14.48,139,0.00034,0.06186,0.15636,0.03282
GO:0006302,double-strand break repair,16,16,10.08,149,0.00061,0.00061,0.15657,0.06786
GO:0033014,tetrapyrrole biosynthetic process,11,10,6.93,409,0.04599,0.04599,0.15695,0.23905
GO:0006891,intra-Golgi vesicle-mediated transport,8,8,5.04,340,0.02467,0.02467,0.15696,0.55645
GO:0007005,mitochondrion organization,30,21,18.89,840,0.27497,0.27497,0.15708,0.98028
GO:0002098,tRNA wobble uridine modification,5,5,3.15,518,0.09893,0.09893,0.15711,1.00000
GO:0006094,gluconeogenesis,5,5,3.15,519,0.09893,0.09893,0.15711,1.00000
GO:0034453,microtubule anchoring,5,5,3.15,520,0.09893,0.09893,0.15711,0.80053
GO:0000042,protein targeting to Golgi,4,4,2.52,614,0.15716,0.15716,0.15716,0.30291
GO:0006303,double-strand break repair via nonhomolo...,4,4,2.52,615,0.15716,0.15716,0.15716,1.00000
GO:0006750,glutathione biosynthetic process,4,4,2.52,616,0.15716,0.15716,0.15716,0.37028
GO:0006777,Mo-molybdopterin cofactor biosynthetic p...,4,4,2.52,617,0.15716,0.15716,0.15716,0.22422
GO:0030488,tRNA methylation,4,4,2.52,618,0.15716,0.15716,0.15716,0.57826
GO:0043065,positive regulation of apoptotic process,4,4,2.52,619,0.15716,0.15716,0.15716,0.10887
GO:0046835,carbohydrate phosphorylation,4,4,2.52,620,0.15716,0.15716,0.15716,0.20007
GO:0070831,basement membrane assembly,4,4,2.52,621,0.15716,0.15716,0.15716,1.00000
GO:0043044,ATP-dependent chromatin remodeling,6,5,3.78,841,0.28223,0.28223,0.15719,1.00000
GO:0006913,nucleocytoplasmic transport,16,11,10.08,1171,0.42195,0.42195,0.15723,0.80744
GO:0051726,regulation of cell cycle,55,45,34.63,179,0.00193,0.33193,0.16147,1.1e-06
GO:0009190,cyclic nucleotide biosynthetic process,25,21,15.74,322,0.01982,0.01982,0.16261,0.54202
GO:0009058,biosynthetic process,1226,931,772.02,15,3.7e-26,0.32118,0.17690,5.3e-06
GO:0006412,translation,191,136,120.27,259,0.00954,0.07597,0.18879,0.80590
GO:0051301,cell division,28,25,17.63,178,0.00191,0.05517,0.19956,0.00024
GO:0006165,nucleoside diphosphate phosphorylation,16,15,10.08,231,0.00632,0.00632,0.20006,1.00000
GO:0000387,spliceosomal snRNP assembly,8,7,5.04,576,0.14089,0.14089,0.20067,0.34348
GO:0007179,transforming growth factor beta receptor...,8,7,5.04,577,0.14089,0.14089,0.20067,0.38012
GO:0008299,isoprenoid biosynthetic process,8,7,5.04,578,0.14089,0.14089,0.20067,0.40755
GO:0006183,GTP biosynthetic process,7,6,4.41,699,0.20074,0.20074,0.20074,0.55670
GO:0006228,UTP biosynthetic process,7,6,4.41,700,0.20074,0.20074,0.20074,1.00000
GO:0006857,oligopeptide transport,7,6,4.41,701,0.20074,0.20074,0.20074,1.00000
GO:0006470,protein dephosphorylation,65,45,40.93,683,0.17905,0.17905,0.20636,0.60988
GO:0007154,cell communication,1959,803,1233.59,2437,1.00000,1.00000,0.20860,1.00000
GO:0015986,ATP synthesis coupled proton transport,13,10,8.19,731,0.22932,0.22932,0.22932,1.00000
GO:0006813,potassium ion transport,113,71,71.16,1265,0.55444,0.55444,0.23066,0.77467
GO:0051276,chromosome organization,124,103,78.08,76,6.6e-07,0.03043,0.24584,0.49427
GO:0006402,mRNA catabolic process,17,16,10.7,206,0.00420,0.00420,0.24898,0.16339
GO:0098655,cation transmembrane transport,110,73,69.27,839,0.26181,0.26181,0.24922,0.63840
GO:0000910,cytokinesis,10,10,6.3,262,0.00977,0.00977,0.24923,0.05367
GO:0006006,glucose metabolic process,9,9,5.67,301,0.01552,0.01552,0.24929,0.38043
GO:0043161,proteasome-mediated ubiquitin-dependent ...,19,15,11.96,553,0.11139,0.11139,0.24933,0.95166
GO:0045017,glycerolipid biosynthetic process,24,18,15.11,612,0.15594,0.15594,0.24935,0.69411
GO:0007051,spindle organization,13,11,8.19,478,0.08700,0.08700,0.24937,0.26906
GO:0007093,mitotic cell cycle checkpoint,10,9,6.3,453,0.06732,0.06732,0.24938,0.09392
GO:0006665,sphingolipid metabolic process,9,8,5.67,496,0.09782,0.09782,0.24944,0.26379
GO:0007268,synaptic transmission,16,12,10.08,737,0.23408,0.23408,0.24951,1.00000
GO:0030010,establishment of cell polarity,5,5,3.15,521,0.09893,0.09893,0.24952,1.00000
GO:0032465,regulation of cytokinesis,5,5,3.15,522,0.09893,0.09893,0.24952,0.57842
GO:0000079,regulation of cyclin-dependent protein s...,4,4,2.52,622,0.15716,0.15716,0.24958,0.03090
GO:0006012,galactose metabolic process,4,4,2.52,623,0.15716,0.15716,0.24958,0.68841
GO:0006415,translational termination,4,4,2.52,624,0.15716,0.15716,0.24958,0.26460
GO:0034227,tRNA thio-modification,4,4,2.52,625,0.15716,0.15716,0.24958,0.55000
GO:0000184,nuclear-transcribed mRNA catabolic proce...,3,3,1.89,743,0.24964,0.24964,0.24964,0.78571
GO:0000209,protein polyubiquitination,3,3,1.89,744,0.24964,0.24964,0.24964,0.43649
GO:0000338,protein deneddylation,3,3,1.89,745,0.24964,0.24964,0.24964,0.85732
GO:0003341,cilium movement,3,3,1.89,746,0.24964,0.24964,0.24964,0.71289
GO:0005978,glycogen biosynthetic process,3,3,1.89,747,0.24964,0.24964,0.24964,1.00000
GO:0006004,fucose metabolic process,3,3,1.89,748,0.24964,0.24964,0.24964,0.76087
GO:0006013,mannose metabolic process,3,3,1.89,749,0.24964,0.24964,0.24964,0.76087
GO:0006432,phenylalanyl-tRNA aminoacylation,3,3,1.89,750,0.24964,0.24964,0.24964,0.68115
GO:0006890,retrograde vesicle-mediated transport G...,3,3,1.89,751,0.24964,0.24964,0.24964,0.81855
GO:0007016,cytoskeletal anchoring at plasma membran...,3,3,1.89,752,0.24964,0.24964,0.24964,0.62502
GO:0007205,protein kinase C-activating G-protein co...,3,3,1.89,753,0.24964,0.24964,0.24964,0.01423
GO:0017183,peptidyl-diphthamide biosynthetic proces...,3,3,1.89,754,0.24964,0.24964,0.24964,0.21556
GO:0018344,protein geranylgeranylation,3,3,1.89,755,0.24964,0.24964,0.24964,0.50000
GO:0030514,negative regulation of BMP signaling pat...,3,3,1.89,756,0.24964,0.24964,0.24964,1.00000
GO:0030968,endoplasmic reticulum unfolded protein r...,3,3,1.89,757,0.24964,0.24964,0.24964,0.06616
GO:0032007,negative regulation of TOR signaling,3,3,1.89,758,0.24964,0.24964,0.24964,0.72727
GO:0032218,riboflavin transport,3,3,1.89,759,0.24964,0.24964,0.24964,0.25765
GO:0033198,response to ATP,3,3,1.89,760,0.24964,0.24964,0.24964,0.50000
GO:0042147,retrograde transport endosome to Golgi,3,3,1.89,761,0.24964,0.24964,0.24964,0.59986
GO:0051103,DNA ligation involved in DNA repair,3,3,1.89,762,0.24964,0.24964,0.24964,0.62207
GO:1904668,positive regulation of ubiquitin protein...,3,3,1.89,763,0.24964,0.24964,0.24964,0.62500
GO:0007269,neurotransmitter secretion,12,8,7.56,1218,0.52400,0.52400,0.24974,0.67528
GO:0001932,regulation of protein phosphorylation,43,22,27.08,2347,0.95959,0.95959,0.25062,0.98585
GO:0051056,regulation of small GTPase mediated sign...,50,45,31.49,102,1.6e-05,0.02062,0.27937,0.00043
GO:0048513,animal organ development,20,17,12.59,355,0.02966,0.02966,0.28149,0.61505
GO:0006897,endocytosis,8,7,5.04,579,0.14089,0.14089,0.28206,0.85071
GO:0006635,fatty acid beta-oxidation,6,5,3.78,842,0.28223,0.28223,0.28223,1.00000
GO:0043248,proteasome assembly,6,5,3.78,843,0.28223,0.28223,0.28223,0.76611
GO:0000278,mitotic cell cycle,59,49,37.15,150,0.00062,0.51972,0.28861,0.02294
GO:0008033,tRNA processing,41,31,25.82,426,0.06146,0.06146,0.28887,0.97855
GO:0006914,autophagy,16,12,10.08,738,0.23408,0.23408,0.29145,0.20151
GO:0006730,one-carbon metabolic process,17,13,10.7,685,0.18479,0.18479,0.29251,0.15279
GO:0006950,response to stress,280,179,176.32,976,0.39336,0.99998,0.35174,2.4e-13
GO:0019752,carboxylic acid metabolic process,187,152,117.75,63,2.8e-08,0.18281,0.37006,1.00000
GO:0051225,spindle assembly,9,7,5.67,867,0.29162,0.29162,0.38020,0.47676
GO:0043547,positive regulation of GTPase activity,8,6,5.04,903,0.38031,0.38031,0.38031,1.00000
GO:0006325,chromatin organization,75,60,47.23,162,0.00108,0.50194,0.38712,0.37896
GO:0006816,calcium ion transport,43,34,27.08,319,0.01804,0.01804,0.38857,1.00000
GO:0000956,nuclear-transcribed mRNA catabolic proce...,14,13,8.82,288,0.01416,0.01416,0.38925,1.00000
GO:0001510,RNA methylation,13,12,8.19,325,0.02108,0.02108,0.38934,0.23701
GO:0007267,cell-cell signaling,22,17,13.85,558,0.11905,0.11905,0.38950,0.00056
GO:0016573,histone acetylation,9,8,5.67,497,0.09782,0.09782,0.38970,0.79310
GO:0034968,histone lysine methylation,8,7,5.04,580,0.14089,0.14089,0.38979,1.00000
GO:0009395,phospholipid catabolic process,6,5,3.78,844,0.28223,0.28223,0.38997,0.38844
GO:0006379,mRNA cleavage,5,4,3.15,920,0.39007,0.39007,0.39007,0.79631
GO:0006561,proline biosynthetic process,5,4,3.15,921,0.39007,0.39007,0.39007,0.70303
GO:0006879,cellular iron ion homeostasis,5,4,3.15,922,0.39007,0.39007,0.39007,1.00000
GO:0006885,regulation of pH,5,4,3.15,923,0.39007,0.39007,0.39007,1.00000
GO:0009435,NAD biosynthetic process,5,4,3.15,924,0.39007,0.39007,0.39007,1.00000
GO:0016255,attachment of GPI anchor to protein,5,4,3.15,925,0.39007,0.39007,0.39007,0.51708
GO:0006518,peptide metabolic process,226,165,142.31,156,0.00077,0.00897,0.39273,0.81141
GO:0000398,mRNA splicing via spliceosome,39,28,24.56,676,0.16420,0.16420,0.39365,0.97545
GO:0007266,Rho protein signal transduction,39,35,24.56,130,0.00017,0.39487,0.39487,1.00000
GO:0046488,phosphatidylinositol metabolic process,33,28,20.78,222,0.00531,0.00531,0.39541,0.59881
GO:0032956,regulation of actin cytoskeleton organiz...,21,19,13.22,215,0.00515,0.28117,0.39565,0.44248
GO:0044255,cellular lipid metabolic process,127,85,79.97,721,0.20139,0.80209,0.39577,0.11634
GO:0045010,actin nucleation,14,13,8.82,289,0.01416,0.01416,0.39592,0.23913
GO:0048278,vesicle docking,11,11,6.93,228,0.00615,0.00615,0.39594,0.31672
GO:0050790,regulation of catalytic activity,79,53,49.75,838,0.26152,0.26152,0.39607,0.97505
GO:0006221,pyrimidine nucleotide biosynthetic proce...,14,12,8.82,442,0.06256,0.06256,0.39609,0.55015
GO:0005977,glycogen metabolic process,7,7,4.41,379,0.03920,0.03920,0.39619,0.11870
GO:0007163,establishment or maintenance of cell pol...,7,7,4.41,380,0.03920,0.03920,0.39619,0.01978
GO:0009311,oligosaccharide metabolic process,7,7,4.41,381,0.03920,0.03920,0.39619,0.11870
GO:0007088,regulation of mitotic nuclear division,12,10,7.56,562,0.11984,0.11984,0.39621,0.75735
GO:0031929,TOR signaling,9,8,5.67,498,0.09782,0.09782,0.39623,0.36949
GO:0006631,fatty acid metabolic process,14,11,8.82,680,0.17658,0.17658,0.39625,0.33431
GO:0042127,regulation of cell proliferation,11,9,6.93,668,0.16332,0.16332,0.39627,0.03023
GO:0001525,angiogenesis,7,6,4.41,702,0.20074,0.20074,0.39635,0.38915
GO:0016477,cell migration,7,6,4.41,703,0.20074,0.20074,0.39635,0.50000
GO:0000154,rRNA modification,4,4,2.52,626,0.15716,0.15716,0.39637,0.46553
GO:0032784,regulation of DNA-templated transcriptio...,4,4,2.52,627,0.15716,0.15716,0.39637,0.35883
GO:0042176,regulation of protein catabolic process,9,7,5.67,868,0.29162,0.29162,0.39640,0.51775
GO:0051321,meiotic cell cycle,9,7,5.67,869,0.29162,0.29162,0.39640,0.55527
GO:0006301,postreplication repair,3,3,1.89,764,0.24964,0.24964,0.39643,0.62207
GO:0006526,arginine biosynthetic process,3,3,1.89,765,0.24964,0.24964,0.39643,0.75000
GO:0006546,glycine catabolic process,3,3,1.89,766,0.24964,0.24964,0.39643,0.57143
GO:0007050,cell cycle arrest,3,3,1.89,767,0.24964,0.24964,0.39643,0.41792
GO:0009113,purine nucleobase biosynthetic process,3,3,1.89,768,0.24964,0.24964,0.39643,0.55846
GO:0009396,folic acid-containing compound biosynthe...,3,3,1.89,769,0.24964,0.24964,0.39643,0.38936
GO:0042819,vitamin B6 biosynthetic process,3,3,1.89,770,0.24964,0.24964,0.39643,0.57692
GO:0045596,negative regulation of cell differentiat...,3,3,1.89,771,0.24964,0.24964,0.39643,0.37375
GO:0051016,barbed-end actin filament capping,3,3,1.89,772,0.24964,0.24964,0.39643,1.00000
GO:0051205,protein insertion into membrane,3,3,1.89,773,0.24964,0.24964,0.39643,0.51198
GO:0071897,DNA biosynthetic process,3,3,1.89,774,0.24964,0.24964,0.39643,0.42768
GO:0007009,plasma membrane organization,5,4,3.15,926,0.39007,0.39007,0.39648,0.52818
GO:0000027,ribosomal large subunit assembly,2,2,1.26,978,0.39650,0.39650,0.39650,0.71579
GO:0000160,phosphorelay signal transduction system,2,2,1.26,979,0.39650,0.39650,0.39650,0.60494
GO:0000187,activation of MAPK activity,2,2,1.26,980,0.39650,0.39650,0.39650,0.14773
GO:0000256,allantoin catabolic process,2,2,1.26,981,0.39650,0.39650,0.39650,0.68594
GO:0000266,mitochondrial fission,2,2,1.26,982,0.39650,0.39650,0.39650,0.60764
GO:0000289,nuclear-transcribed mRNA poly(A) tail sh...,2,2,1.26,983,0.39650,0.39650,0.39650,0.85714
GO:0000290,deadenylation-dependent decapping of nuc...,2,2,1.26,984,0.39650,0.39650,0.39650,0.85714
GO:0000469,cleavage involved in rRNA processing,2,2,1.26,985,0.39650,0.39650,0.39650,0.93103
GO:0001678,cellular glucose homeostasis,2,2,1.26,986,0.39650,0.39650,0.39650,0.49451
GO:0005980,glycogen catabolic process,2,2,1.26,987,0.39650,0.39650,0.39650,1.00000
GO:0006014,D-ribose metabolic process,2,2,1.26,988,0.39650,0.39650,0.39650,0.50909
GO:0006024,glycosaminoglycan biosynthetic process,2,2,1.26,989,0.39650,0.39650,0.39650,1.00000
GO:0006044,N-acetylglucosamine metabolic process,2,2,1.26,990,0.39650,0.39650,0.39650,0.41053
GO:0006086,acetyl-CoA biosynthetic process from pyr...,2,2,1.26,991,0.39650,0.39650,0.39650,0.56862
GO:0006102,isocitrate metabolic process,2,2,1.26,992,0.39650,0.39650,0.39650,0.87500
GO:0006147,guanine catabolic process,2,2,1.26,993,0.39650,0.39650,0.39650,1.00000
GO:0006171,cAMP biosynthetic process,2,2,1.26,994,0.39650,0.39650,0.39650,0.62896
GO:0006420,arginyl-tRNA aminoacylation,2,2,1.26,995,0.39650,0.39650,0.39650,0.77846
GO:0006429,leucyl-tRNA aminoacylation,2,2,1.26,996,0.39650,0.39650,0.39650,0.77846
GO:0006491,N-glycan processing,2,2,1.26,997,0.39650,0.39650,0.39650,0.87500
GO:0006516,glycoprotein catabolic process,2,2,1.26,998,0.39650,0.39650,0.39650,0.63265
GO:0006529,asparagine biosynthetic process,2,2,1.26,999,0.39650,0.39650,0.39650,0.51501
GO:0006537,glutamate biosynthetic process,2,2,1.26,1000,0.39650,0.39650,0.39650,0.83333
GO:0006542,glutamine biosynthetic process,2,2,1.26,1001,0.39650,0.39650,0.39650,0.47895
GO:0006564,L-serine biosynthetic process,2,2,1.26,1002,0.39650,0.39650,0.39650,0.47619
GO:0006627,protein processing involved in protein t...,2,2,1.26,1003,0.39650,0.39650,0.39650,0.71429
GO:0007021,tubulin complex assembly,2,2,1.26,1004,0.39650,0.39650,0.39650,0.70824
GO:0007040,lysosome organization,2,2,1.26,1005,0.39650,0.39650,0.39650,1.00000
GO:0007096,regulation of exit from mitosis,2,2,1.26,1006,0.39650,0.39650,0.39650,0.75833
GO:0007130,synaptonemal complex assembly,2,2,1.26,1007,0.39650,0.39650,0.39650,0.53914
GO:0007605,sensory perception of sound,2,2,1.26,1008,0.39650,0.39650,0.39650,1.00000
GO:0008284,positive regulation of cell proliferatio...,2,2,1.26,1009,0.39650,0.39650,0.39650,0.48807
GO:0009249,protein lipoylation,2,2,1.26,1010,0.39650,0.39650,0.39650,1.00000
GO:0009298,GDP-mannose biosynthetic process,2,2,1.26,1011,0.39650,0.39650,0.39650,1.00000
GO:0009312,oligosaccharide biosynthetic process,2,2,1.26,1012,0.39650,0.39650,0.39650,0.37685
GO:0009405,pathogenesis,2,2,1.26,1013,0.39650,0.39650,0.39650,0.23171
GO:0010508,positive regulation of autophagy,2,2,1.26,1014,0.39650,0.39650,0.39650,0.57353
GO:0015693,magnesium ion transport,2,2,1.26,1015,0.39650,0.39650,0.39650,0.63636
GO:0016075,rRNA catabolic process,2,2,1.26,1016,0.39650,0.39650,0.39650,0.92308
GO:0016337,single organismal cell-cell adhesion,2,2,1.26,1017,0.39650,0.39650,0.39650,0.67380
GO:0016925,protein sumoylation,2,2,1.26,1018,0.39650,0.39650,0.39650,0.64198
GO:0019236,response to pheromone,2,2,1.26,1019,0.39650,0.39650,0.39650,0.70824
GO:0019441,tryptophan catabolic process to kynureni...,2,2,1.26,1020,0.39650,0.39650,0.39650,0.50000
GO:0019509,L-methionine biosynthetic process from m...,2,2,1.26,1021,0.39650,0.39650,0.39650,1.00000
GO:0030433,ER-associated ubiquitin-dependent protei...,2,2,1.26,1022,0.39650,0.39650,0.39650,0.61404
GO:0031110,regulation of microtubule polymerization...,2,2,1.26,1023,0.39650,0.39650,0.39650,1.00000
GO:0031167,rRNA methylation,2,2,1.26,1024,0.39650,0.39650,0.39650,0.86667
GO:0032049,cardiolipin biosynthetic process,2,2,1.26,1025,0.39650,0.39650,0.39650,1.00000
GO:0032467,positive regulation of cytokinesis,2,2,1.26,1026,0.39650,0.39650,0.39650,0.83333
GO:0035065,regulation of histone acetylation,2,2,1.26,1027,0.39650,0.39650,0.39650,0.62222
GO:0035329,hippo signaling,2,2,1.26,1028,0.39650,0.39650,0.39650,0.60494
GO:0035999,tetrahydrofolate interconversion,2,2,1.26,1029,0.39650,0.39650,0.39650,0.59477
GO:0042128,nitrate assimilation,2,2,1.26,1030,0.39650,0.39650,0.39650,1.00000
GO:0042256,mature ribosome assembly,2,2,1.26,1031,0.39650,0.39650,0.39650,1.00000
GO:0043010,camera-type eye development,2,2,1.26,1032,0.39650,0.39650,0.39650,1.00000
GO:0048208,COPII vesicle coating,2,2,1.26,1033,0.39650,0.39650,0.39650,0.47183
GO:0048268,clathrin coat assembly,2,2,1.26,1034,0.39650,0.39650,0.39650,0.71843
GO:0048662,negative regulation of smooth muscle cel...,2,2,1.26,1035,0.39650,0.39650,0.39650,0.47619
GO:0050808,synapse organization,2,2,1.26,1036,0.39650,0.39650,0.39650,0.33215
GO:0051013,microtubule severing,2,2,1.26,1037,0.39650,0.39650,0.39650,0.73217
GO:0051092,positive regulation of NF-kappaB transcr...,2,2,1.26,1038,0.39650,0.39650,0.39650,1.00000
GO:0060026,convergent extension,2,2,1.26,1039,0.39650,0.39650,0.39650,0.33333
GO:0072331,signal transduction by p53 class mediato...,2,2,1.26,1040,0.39650,0.39650,0.39650,0.60494
GO:0072383,plus-end-directed vesicle transport alon...,2,2,1.26,1041,0.39650,0.39650,0.39650,1.00000
GO:0080009,mRNA methylation,2,2,1.26,1042,0.39650,0.39650,0.39650,0.85714
GO:0090090,negative regulation of canonical Wnt sig...,2,2,1.26,1043,0.39650,0.39650,0.39650,0.68182
GO:0090162,establishment of epithelial cell polarit...,2,2,1.26,1044,0.39650,0.39650,0.39650,1.00000
GO:1901642,nucleoside transmembrane transport,2,2,1.26,1045,0.39650,0.39650,0.39650,0.49061
GO:0006555,methionine metabolic process,10,7,6.3,1190,0.45915,0.45915,0.39650,0.63003
GO:0000245,spliceosomal complex assembly,4,3,2.52,1224,0.52706,0.52706,0.39654,0.74354
GO:0009263,deoxyribonucleotide biosynthetic process,4,3,2.52,1225,0.52706,0.52706,0.39654,0.67745
GO:0006625,protein targeting to peroxisome,6,4,3.78,1280,0.60574,0.60574,0.39658,0.78238
GO:0009615,response to virus,28,15,17.63,2296,0.88911,0.88911,0.39706,0.12458
GO:0043085,positive regulation of catalytic activit...,49,27,30.86,2302,0.90080,0.90080,0.39727,0.99998
GO:0006915,apoptotic process,119,69,74.93,2297,0.89024,0.89024,0.41084,0.42500
GO:0043401,steroid hormone mediated signaling pathw...,16,11,10.08,1172,0.42195,0.42195,0.42195,1.00000
GO:0006486,protein glycosylation,70,50,44.08,484,0.08714,0.08714,0.45642,0.01680
GO:0007034,vacuolar transport,10,7,6.3,1191,0.45915,0.45915,0.45915,0.73015
GO:0051603,proteolysis involved in cellular protein...,80,69,50.38,89,3.2e-06,0.37493,0.48048,0.00034
GO:0007098,centrosome cycle,16,14,10.08,363,0.03159,0.03159,0.48494,0.35992
GO:0008610,lipid biosynthetic process,76,49,47.86,1187,0.44303,0.44303,0.48577,0.99129
GO:0000105,histidine biosynthetic process,7,5,4.41,1200,0.48594,0.48594,0.48594,0.82367
GO:0006367,transcription initiation from RNA polyme...,7,5,4.41,1201,0.48594,0.48594,0.48594,0.96726
GO:0006414,translational elongation,9,6,5.67,1266,0.55768,0.55768,0.48601,0.85925
GO:0023052,signaling,1952,797,1229.18,2438,1.00000,1.00000,0.49987,1.00000
