EOG091G06I8	SczhEnG_4033	93519	110142
EOG091G0VTN	SczhEnG_1760	41914	53742
EOG091G0UKP	SczhEnG_549	225946	236104
EOG091G0525	SczhEnG_388	93933	106787
EOG091G00L0	SczhEnG_1221	243775	264387
EOG091G06I3	SczhEnG_655	560783	575153
EOG091G0SCV	SczhEnG_3058	278694	288888
EOG091G0YP6	SczhEnG_3341	154965	165245
EOG091G05D7	SczhEnG_3783	239372	251831
EOG091G0UKA	SczhEnG_2175	303592	314689
EOG091G0JYQ	SczhEnG_458	121263	133756
EOG091G02HY	SczhEnG_2375	122741	140965
EOG091G0MB2	SczhEnG_2085	792058	802480
EOG091G0SRZ	SczhEnG_1047	280045	290287
EOG091G0ZTA	SczhEnG_4106	535962	546653
EOG091G0MKY	SczhEnG_1188	190613	202802
EOG091G03XS	SczhEnG_401	10936	36590
EOG091G03XS	SczhEnG_142	1061977	1072144
EOG091G03XS	SczhEnG_1700	229273	239440
EOG091G01TH	SczhEnG_4006	378138	402613
EOG091G08L8	SczhEnG_2712	1619614	1631075
EOG091G0HOK	SczhEnG_3253	40111	52780
EOG091G08BK	SczhEnG_3613	148629	164052
EOG091G0LO1	SczhEnG_3097	81350	93682
EOG091G0H6A	SczhEnG_2007	531908	543898
EOG091G0KSX	SczhEnG_3382	208713	219117
EOG091G03XO	SczhEnG_1067	159822	177286
EOG091G0SQV	SczhEnG_1805	323196	335299
EOG091G0YY3	SczhEnG_2243	456405	466563
EOG091G0H6J	SczhEnG_3090	15042	26018
EOG091G0KSQ	SczhEnG_1018	104610	114726
EOG091G0HDF	SczhEnG_4033	8009	18197
EOG091G0D8I	SczhEnG_2986	536293	551414
EOG091G00GM	SczhEnG_1030	1148026	1170594
EOG091G0O97	SczhEnG_2555	25203	36598
EOG091G0H64	SczhEnG_4308	76148	87407
EOG091G08LT	SczhEnG_3725	9395	24153
EOG091G02WU	SczhEnG_310	151181	163136
EOG091G0TSE	SczhEnG_2712	513249	525513
EOG091G03X8	SczhEnG_1706	585553	595645
EOG091G0UYL	SczhEnG_86	40365	52275
EOG091G1144	SczhEnG_2175	661855	672082
EOG091G023Z	SczhEnG_3795	7055	28127
EOG091G0KS8	SczhEnG_425	53524	64106
EOG091G0FH3	SczhEnG_4106	186819	196938
EOG091G0Y96	SczhEnG_3796	385090	395182
EOG091G00GQ	SczhEnG_2824	272413	304025
EOG091G0803	SczhEnG_3251	146740	158041
EOG091G0IQ7	SczhEnG_62	7162	21737
EOG091G0W6G	SczhEnG_2315	293091	304207
EOG091G0FOR	SczhEnG_4103	298627	308722
EOG091G09V2	SczhEnG_2478	62202	84557
EOG091G024J	SczhEnG_3537	146132	182231
EOG091G0IQD	SczhEnG_4103	318274	331660
EOG091G0L84	SczhEnG_99	703770	715349
EOG091G0WAL	SczhEnG_3253	30888	41372
EOG091G0M22	SczhEnG_4273	108024	121050
EOG091G0M22	SczhEnG_2060	32176	42373
EOG091G0M22	SczhEnG_1298	152049	162429
EOG091G0NH9	SczhEnG_1655	161791	176469
EOG091G0TA6	SczhEnG_3433	544869	557575
EOG091G038T	SczhEnG_934	1604	21304
EOG091G0R6Z	SczhEnG_4124	160927	173402
EOG091G09IW	SczhEnG_512	42639	52842
EOG091G0GY1	SczhEnG_549	181220	193155
EOG091G0X3B	SczhEnG_3644	85341	97350
EOG091G0JBZ	SczhEnG_869	29474	43483
EOG091G0RRE	SczhEnG_1700	20634	30844
EOG091G038X	SczhEnG_1726	497897	513483
EOG091G020Y	SczhEnG_440	185698	203574
EOG091G0U4B	SczhEnG_2028	16983	27084
EOG091G04CK	SczhEnG_3628	205659	226428
EOG091G08PW	SczhEnG_789	168711	182290
EOG091G0JBM	SczhEnG_3054	167905	179576
EOG091G0L66	SczhEnG_655	420927	431283
EOG091G040D	SczhEnG_254	1274944	1291673
EOG091G0EKA	SczhEnG_137	20242	34049
EOG091G0QS4	SczhEnG_2791	596400	608482
EOG091G0QS6	SczhEnG_1813	100395	110559
EOG091G0AZV	SczhEnG_1463	239822	250466
EOG091G046Y	SczhEnG_3058	632702	651211
EOG091G01IW	SczhEnG_346	0	9612
EOG091G01IW	SczhEnG_4179	31757	46122
EOG091G0MCM	SczhEnG_2893	0	7733
EOG091G0RKU	SczhEnG_3253	111556	121660
EOG091G0UB5	SczhEnG_1415	95839	107229
EOG091G02ZI	SczhEnG_3132	117963	141047
EOG091G046H	SczhEnG_3307	116607	137260
EOG091G0Y09	SczhEnG_3058	623372	636973
EOG091G0YBP	SczhEnG_1673	242115	252210
EOG091G03M4	SczhEnG_1415	655254	671402
EOG091G0J09	SczhEnG_1415	342139	353234
EOG091G0AZ7	SczhEnG_4183	34579	45010
EOG091G0L4Z	SczhEnG_2996	43126	53386
EOG091G0LRI	SczhEnG_1030	967607	979225
EOG091G0P9B	SczhEnG_750	334962	345336
EOG091G0B9T	SczhEnG_1047	54928	69367
EOG091G0FQ2	SczhEnG_2967	104810	114971
EOG091G036A	SczhEnG_4359	22135	34156
EOG091G0XYP	SczhEnG_310	615608	625697
EOG091G0AHJ	SczhEnG_3572	66841	82120
EOG091G0DTE	SczhEnG_1249	479372	489713
EOG091G0DTE	SczhEnG_3511	134086	149521
EOG091G0DTD	SczhEnG_3493	44529	60974
EOG091G0TAU	SczhEnG_2419	34769	44912
EOG091G0OY0	SczhEnG_2978	650048	660257
EOG091G0DTB	SczhEnG_655	75880	87599
EOG091G0CLR	SczhEnG_547	101026	116683
EOG091G1311	SczhEnG_3802	26257	37221
EOG091G00UD	SczhEnG_174	24377	45612
EOG091G0GKX	SczhEnG_1560	66684	77424
EOG091G0DTP	SczhEnG_1972	229811	243011
EOG091G0MRS	SczhEnG_2740	458851	469330
EOG091G0MRS	SczhEnG_4231	1025072	1035551
EOG091G0MRS	SczhEnG_269	49534	62422
EOG091G0RR3	SczhEnG_1707	29490	39909
EOG091G0PXB	SczhEnG_4200	228702	240715
EOG091G0QZ2	SczhEnG_2013	10267	20786
EOG091G184V	SczhEnG_3825	84403	94852
EOG091G0W1S	SczhEnG_3132	23758	34590
EOG091G0KHF	SczhEnG_85	138152	153302
EOG091G0JUY	SczhEnG_3492	170357	188008
EOG091G0CQ2	SczhEnG_4111	0	7107
EOG091G06M8	SczhEnG_1152	229625	249890
EOG091G08IJ	SczhEnG_1146	166204	176386
EOG091G11OU	SczhEnG_3257	852544	862732
EOG091G09RJ	SczhEnG_4006	80056	91660
EOG091G03D7	SczhEnG_624	172158	194352
EOG091G0B2N	SczhEnG_1812	76797	90292
EOG091G0MDD	SczhEnG_1188	194477	206986
EOG091G0E8J	SczhEnG_472	117690	133186
EOG091G0MDG	SczhEnG_4230	104512	114802
EOG091G02MR	SczhEnG_1463	131061	169585
EOG091G0QW9	SczhEnG_1180	260123	273441
EOG091G0BKR	SczhEnG_4396	230307	241272
EOG091G134K	SczhEnG_789	466925	477158
EOG091G0O9D	SczhEnG_4375	31555	43658
EOG091G07S9	SczhEnG_12	29298	45241
EOG091G05Q0	SczhEnG_2032	186473	198589
EOG091G0BKZ	SczhEnG_226	7475	19295
EOG091G05Q6	SczhEnG_3594	144625	156055
EOG091G08FX	SczhEnG_3146	1207	12593
EOG091G08FX	SczhEnG_660	5469	18304
EOG091G096V	SczhEnG_2687	51618	62823
EOG091G0SV1	SczhEnG_1285	37091	48597
EOG091G0703	SczhEnG_1781	51551	65212
EOG091G0P4K	SczhEnG_1709	51099	63763
EOG091G0VQK	SczhEnG_2844	870627	880719
EOG091G0A98	SczhEnG_4163	65821	78530
EOG091G0M12	SczhEnG_3433	1254665	1265971
EOG091G0349	SczhEnG_4068	618352	633755
EOG091G0G6Z	SczhEnG_3004	15187	25264
EOG091G0ZUA	SczhEnG_4084	161366	176064
EOG091G0DBF	SczhEnG_4111	36868	50457
EOG091G0D4N	SczhEnG_1571	332455	347923
EOG091G0QE1	SczhEnG_2266	73892	84083
EOG091G0UQZ	SczhEnG_2226	365041	382257
EOG091G0EBA	SczhEnG_862	691668	702165
EOG091G0CZX	SczhEnG_3680	63014	76525
EOG091G066W	SczhEnG_1531	57584	67706
EOG091G06DH	SczhEnG_1809	707057	725174
EOG091G0LKE	SczhEnG_2053	78269	88916
EOG091G0LT7	SczhEnG_4068	427106	437201
EOG091G0G6C	SczhEnG_417	117292	129154
EOG091G0HS8	SczhEnG_1726	265648	277493
EOG091G0K92	SczhEnG_74	226428	237046
EOG091G06Y3	SczhEnG_1729	1735	19224
EOG091G06MR	SczhEnG_2815	5245	22845
EOG091G0JU7	SczhEnG_3512	207312	224928
EOG091G0HZK	SczhEnG_1809	204132	215981
EOG091G0LT1	SczhEnG_2019	274216	286016
EOG091G036T	SczhEnG_4033	142923	157912
EOG091G09R0	SczhEnG_3533	93614	106017
EOG091G0LT0	SczhEnG_2304	139568	153806
EOG091G020E	SczhEnG_1221	406366	425104
EOG091G03DT	SczhEnG_2844	721237	733183
EOG091G07Z0	SczhEnG_2315	60097	73988
EOG091G07Z1	SczhEnG_142	1018952	1034103
EOG091G036C	SczhEnG_2586	58160	69359
EOG091G10CG	SczhEnG_3831	549524	560507
EOG091G07Z5	SczhEnG_380	103378	124042
EOG091G0K6O	SczhEnG_2356	38468	48712
EOG091G0CH6	SczhEnG_1571	319820	331047
EOG091G03RW	SczhEnG_618	5008	23244
EOG091G0O40	SczhEnG_3255	52962	63072
EOG091G0AOO	SczhEnG_1415	450045	465625
EOG091G0G71	SczhEnG_4076	198517	212584
EOG091G0G71	SczhEnG_74	534701	545150
EOG091G0BL9	SczhEnG_2727	240989	253391
EOG091G0BED	SczhEnG_2066	316523	328930
EOG091G0H62	SczhEnG_2955	287285	297818
EOG091G0H62	SczhEnG_4171	103207	115879
EOG091G0COC	SczhEnG_3928	200128	210226
EOG091G0PGM	SczhEnG_3432	157856	168062
EOG091G01EW	SczhEnG_229	68422	80986
EOG091G00VZ	SczhEnG_785	0	28115
EOG091G00VZ	SczhEnG_3873	0	6607
EOG091G0A2L	SczhEnG_2013	549430	560164
EOG091G0A2L	SczhEnG_2088	16872	27540
EOG091G0A2L	SczhEnG_3342	148218	158817
EOG091G0A2I	SczhEnG_2175	201866	213703
EOG091G05ZJ	SczhEnG_4060	40670	50756
EOG091G09U9	SczhEnG_660	197452	211277
EOG091G0G46	SczhEnG_3257	719123	730559
EOG091G0W86	SczhEnG_2967	11245	21664
EOG091G06OP	SczhEnG_247	58318	72370
EOG091G0DYW	SczhEnG_527	45294	56930
EOG091G0DYU	SczhEnG_3861	36987	47139
EOG091G05ZE	SczhEnG_2518	19210	34141
EOG091G06Y7	SczhEnG_874	62520	77578
EOG091G0EO4	SczhEnG_2844	41571	54564
EOG091G0KVW	SczhEnG_310	695572	706000
EOG091G09UB	SczhEnG_2375	60979	81463
EOG091G09UA	SczhEnG_1888	3646	16664
EOG091G09UA	SczhEnG_2978	371701	382168
EOG091G0E3F	SczhEnG_4231	1001076	1014695
EOG091G0IS6	SczhEnG_4356	89064	103425
EOG091G0A27	SczhEnG_200	46560	56685
EOG091G0W8V	SczhEnG_992	77812	87976
EOG091G0YYA	SczhEnG_3904	22847	33614
EOG091G0EHY	SczhEnG_655	3965	18718
EOG091G0R21	SczhEnG_2448	1943	14860
EOG091G0R21	SczhEnG_1598	89143	99454
EOG091G0E3V	SczhEnG_655	447121	460506
EOG091G0RWW	SczhEnG_2228	270442	280522
EOG091G0W0U	SczhEnG_1067	187953	198084
EOG091G0R9X	SczhEnG_1427	167608	177751
EOG091G0O4W	SczhEnG_501	372540	382629
EOG091G0MVL	SczhEnG_2838	156397	168859
EOG091G0MVL	SczhEnG_300	371186	381581
EOG091G0AO6	SczhEnG_1987	42998	66076
EOG091G0H3U	SczhEnG_1188	246071	256217
EOG091G11CO	SczhEnG_874	345396	365035
EOG091G0XZC	SczhEnG_226	31676	43059
EOG091G0GOU	SczhEnG_2459	216715	227897
EOG091G0MVR	SczhEnG_3852	42431	53285
EOG091G0HAT	SczhEnG_3808	168893	179315
EOG091G0JWC	SczhEnG_4018	158892	169014
EOG091G0KEQ	SczhEnG_2250	66941	78914
EOG091G0M8S	SczhEnG_3433	1202913	1212996
EOG091G0H3D	SczhEnG_246	144397	157726
EOG091G02FR	SczhEnG_3967	122778	133317
EOG091G1AP6	SczhEnG_3492	50631	60765
EOG091G0321	SczhEnG_4012	139595	159143
EOG091G0NOA	SczhEnG_2561	59656	69880
EOG091G0QKK	SczhEnG_137	19571	30086
EOG091G05LX	SczhEnG_2929	138771	148986
EOG091G05LX	SczhEnG_3058	569166	579384
EOG091G05LX	SczhEnG_4171	166937	177107
EOG091G0DND	SczhEnG_2740	397220	412761
EOG091G0EAF	SczhEnG_3549	261868	277643
EOG091G0K2R	SczhEnG_3681	261652	272643
EOG091G0AU6	SczhEnG_3342	209331	219516
EOG091G0G8R	SczhEnG_789	47328	58831
EOG091G0G8S	SczhEnG_24	60101	71875
EOG091G05GZ	SczhEnG_2013	248858	263712
EOG091G0CTG	SczhEnG_3206	430536	445331
EOG091G0PL0	SczhEnG_538	56141	69069
EOG091G0W5M	SczhEnG_2518	37518	51442
EOG091G16EY	SczhEnG_3441	162486	172608
EOG091G0CF7	SczhEnG_1249	481258	498037
EOG091G03I1	SczhEnG_3323	192043	210335
EOG091G04D1	SczhEnG_2712	1912975	1935560
EOG091G09L6	SczhEnG_2712	1047919	1058677
EOG091G00MI	SczhEnG_3058	599159	613191
EOG091G088L	SczhEnG_1998	1896	16737
EOG091G0DLW	SczhEnG_1415	244763	256460
EOG091G04RS	SczhEnG_3781	92670	109171
EOG091G0IYB	SczhEnG_3808	383022	402501
EOG091G00MA	SczhEnG_612	439625	463926
EOG091G074G	SczhEnG_1249	445788	461221
EOG091G0554	SczhEnG_4209	0	10941
EOG091G0554	SczhEnG_2470	0	9516
EOG091G11QL	SczhEnG_246	695928	706065
EOG091G0ZRG	SczhEnG_929	97856	110511
EOG091G0D0W	SczhEnG_2013	265444	276286
EOG091G0D0W	SczhEnG_2826	0	7492
EOG091G0D0W	SczhEnG_3801	55683	66342
EOG091G0CFP	SczhEnG_2278	41019	53127
EOG091G0CFP	SczhEnG_3994	422571	433242
EOG091G0G88	SczhEnG_1869	84782	96710
EOG091G06J6	SczhEnG_1231	150	25891
EOG091G074J	SczhEnG_347	3761	14061
EOG091G0JGU	SczhEnG_86	54445	65433
EOG091G05UF	SczhEnG_4106	232044	252001
EOG091G074U	SczhEnG_2459	59646	75089
EOG091G0OTI	SczhEnG_3349	100426	110509
EOG091G03G3	SczhEnG_1421	39698	52728
EOG091G0AVP	SczhEnG_1800	7107	26511
EOG091G0TKH	SczhEnG_4200	378277	388648
EOG091G0TKH	SczhEnG_992	523551	533919
EOG091G0A5N	SczhEnG_2662	100827	115668
EOG091G02P2	SczhEnG_2687	56890	74873
EOG091G0GVZ	SczhEnG_2508	4826	21247
EOG091G115J	SczhEnG_4012	180618	190863
EOG091G0BWJ	SczhEnG_2984	1959	25282
EOG091G0EA2	SczhEnG_3341	76048	87970
EOG091G0AYM	SczhEnG_3050	123916	136914
EOG091G01LC	SczhEnG_1030	1054984	1066813
EOG091G01LC	SczhEnG_3692	55077	65937
EOG091G0WT4	SczhEnG_1706	68557	81379
EOG091G0WT4	SczhEnG_2085	786186	797413
EOG091G09GO	SczhEnG_4172	73332	87203
EOG091G04MA	SczhEnG_3001	43574	56709
EOG091G073F	SczhEnG_101	522637	537958
EOG091G0RA2	SczhEnG_4234	13783	24681
EOG091G0RHX	SczhEnG_99	101951	112118
EOG091G0C9Y	SczhEnG_828	617429	630321
EOG091G0JHN	SczhEnG_2871	5504	16526
EOG091G0ZLQ	SczhEnG_1706	42321	52404
EOG091G09GA	SczhEnG_2324	549129	561452
EOG091G10O5	SczhEnG_2600	1714	16042
EOG091G0QRW	SczhEnG_3263	163566	175727
EOG091G17J4	SczhEnG_3409	46880	57854
EOG091G02B4	SczhEnG_3155	277260	296121
EOG091G132G	SczhEnG_624	497536	511113
EOG091G0BAG	SczhEnG_2193	93850	108060
EOG091G0814	SczhEnG_624	282367	292540
EOG091G0BAM	SczhEnG_2278	77343	90127
EOG091G07EJ	SczhEnG_4287	41448	55569
EOG091G0KR3	SczhEnG_4356	453605	465174
EOG091G0DUX	SczhEnG_2508	50047	60875
EOG091G0AKM	SczhEnG_3537	220222	236609
EOG091G0WPV	SczhEnG_2986	218690	228797
EOG091G0S0I	SczhEnG_2967	61551	71652
EOG091G0O7O	SczhEnG_527	98920	109048
EOG091G0OHF	SczhEnG_3323	337601	356877
EOG091G0MUD	SczhEnG_538	879980	891573
EOG091G09O7	SczhEnG_2522	173286	183738
EOG091G09O7	SczhEnG_651	18699	29010
EOG091G09O7	SczhEnG_310	420043	430243
EOG091G07OD	SczhEnG_1707	671555	684509
EOG091G09Q2	SczhEnG_538	1521493	1532570
EOG091G0SB2	SczhEnG_2844	1109641	1119980
EOG091G0ONT	SczhEnG_1725	309453	320977
EOG091G0AKW	SczhEnG_3584	112040	125474
EOG091G0GDF	SczhEnG_99	611638	623270
EOG091G0ITS	SczhEnG_4320	69531	83452
EOG091G08JG	SczhEnG_2697	30934	43942
EOG091G08JE	SczhEnG_65	342051	354914
EOG091G0JMY	SczhEnG_660	101709	117020
EOG091G09QO	SczhEnG_310	139450	156241
EOG091G0E7S	SczhEnG_2419	129181	144347
EOG091G0E7S	SczhEnG_646	30405	40887
EOG091G0PUZ	SczhEnG_4234	11708	22072
EOG091G0QJA	SczhEnG_2250	281319	293157
EOG091G0JZV	SczhEnG_2416	142113	152178
EOG091G0C7Y	SczhEnG_3441	48073	60342
EOG091G0NIU	SczhEnG_603	63813	74843
EOG091G0SBR	SczhEnG_2065	8980	19060
EOG091G0NIY	SczhEnG_2964	447397	459868
EOG091G02IP	SczhEnG_3918	242489	255350
EOG091G02IP	SczhEnG_2392	45020	56894
EOG091G0MCZ	SczhEnG_2013	212565	222939
EOG091G081C	SczhEnG_2824	138986	155830
EOG091G0FIJ	SczhEnG_2315	155437	169427
EOG091G095O	SczhEnG_340	43539	54555
EOG091G0W26	SczhEnG_2968	243801	256343
EOG091G0IF3	SczhEnG_3234	227587	237736
EOG091G13P1	SczhEnG_3389	21330	35164
EOG091G0BHV	SczhEnG_3454	265883	278497
EOG091G081H	SczhEnG_74	470716	482777
EOG091G0Y35	SczhEnG_354	182327	192452
EOG091G0KRB	SczhEnG_3097	68161	78499
EOG091G0BHP	SczhEnG_1345	159187	173222
EOG091G0BHP	SczhEnG_1616	97592	107972
EOG091G0UE6	SczhEnG_612	0	6334
EOG091G02BK	SczhEnG_4046	271103	293803
EOG091G0MJA	SczhEnG_979	28414	40633
EOG091G0LS0	SczhEnG_4006	26391	37005
EOG091G11CG	SczhEnG_3880	103509	115134
EOG091G0KRZ	SczhEnG_1290	94506	107091
EOG091G0NK3	SczhEnG_3192	7157	18782
EOG091G01WY	SczhEnG_2307	569408	593984
EOG091G0N9Z	SczhEnG_4200	309864	323765
EOG091G03LI	SczhEnG_1239	10078	29546
EOG091G0OWC	SczhEnG_142	999715	1011690
EOG091G04IK	SczhEnG_449	94759	104890
EOG091G0CTU	SczhEnG_2228	261469	272419
EOG091G0RT1	SczhEnG_2712	1812107	1831999
EOG091G0PNP	SczhEnG_3803	189124	199270
EOG091G0OWI	SczhEnG_2623	236993	247553
EOG091G0QGZ	SczhEnG_3918	410425	422466
EOG091G0LIN	SczhEnG_2228	76360	87983
EOG091G0A19	SczhEnG_3054	174913	185065
EOG091G0PIU	SczhEnG_1469	27110	38445
EOG091G028G	SczhEnG_3341	174941	199558
EOG091G0J61	SczhEnG_4309	92071	102166
EOG091G06EF	SczhEnG_3132	133689	146500
EOG091G0U75	SczhEnG_276	525934	540426
EOG091G0SM9	SczhEnG_1586	35457	46781
EOG091G0JC7	SczhEnG_411	35412	45573
EOG091G05KR	SczhEnG_1030	0	14981
EOG091G0GQO	SczhEnG_3781	32303	45694
EOG091G0RRA	SczhEnG_2351	298404	308538
EOG091G0BTX	SczhEnG_3192	318914	332099
EOG091G060D	SczhEnG_3831	531844	545281
EOG091G05K5	SczhEnG_3078	29305	43620
EOG091G0MF6	SczhEnG_3584	186796	198577
EOG091G017G	SczhEnG_3918	228989	248070
EOG091G017G	SczhEnG_2561	165756	183866
EOG091G0ARE	SczhEnG_403	33280	53712
EOG091G15N9	SczhEnG_2781	92459	102530
EOG091G0X1V	SczhEnG_3826	225547	235729
EOG091G0NTO	SczhEnG_3275	12103	23257
EOG091G0K82	SczhEnG_3681	325165	336663
EOG091G0ARL	SczhEnG_2351	47739	57855
EOG091G0JEC	SczhEnG_4106	672955	684391
EOG091G0JEC	SczhEnG_1118	61468	71797
EOG091G0JEC	SczhEnG_3206	23095	33418
EOG091G03C7	SczhEnG_999	31881	48010
EOG091G017T	SczhEnG_246	151484	178941
EOG091G03C0	SczhEnG_2791	317955	339717
EOG091G09HG	SczhEnG_1051	7790	23858
EOG091G09HG	SczhEnG_3468	47095	57832
EOG091G09HG	SczhEnG_651	0	10627
EOG091G05YC	SczhEnG_2782	36847	49076
EOG091G0RTZ	SczhEnG_2315	895082	905456
EOG091G0RTZ	SczhEnG_603	80722	90940
EOG091G0RM8	SczhEnG_310	675471	687241
EOG091G0N0A	SczhEnG_581	46099	56341
EOG091G112U	SczhEnG_3433	1220941	1231249
EOG091G0RTI	SczhEnG_3686	94064	105420
EOG091G07KL	SczhEnG_2013	221034	231900
EOG091G07KL	SczhEnG_2745	262152	273093
EOG091G07KL	SczhEnG_2053	42582	60995
EOG091G07KC	SczhEnG_4114	19562	33547
EOG091G0N0R	SczhEnG_3584	196998	207111
EOG091G0VGJ	SczhEnG_2459	201244	213282
EOG091G0N0U	SczhEnG_1067	377496	392161
EOG091G0HAI	SczhEnG_1949	82614	93202
EOG091G0HAI	SczhEnG_3686	202510	213927
EOG091G0M04	SczhEnG_2823	121061	131162
EOG091G0KUR	SczhEnG_3681	95920	106123
EOG091G01S9	SczhEnG_3574	25221	37473
EOG091G0HXI	SczhEnG_4234	440167	454951
EOG091G0HS4	SczhEnG_1706	112110	124063
EOG091G0Z6N	SczhEnG_3433	212488	223525
EOG091G05K7	SczhEnG_946	86638	96892
EOG091G15XS	SczhEnG_3904	43834	53920
EOG091G0TZ2	SczhEnG_2375	153900	164007
EOG091G0CW2	SczhEnG_386	375673	390179
EOG091G0HXJ	SczhEnG_3092	126681	137427
EOG091G15XZ	SczhEnG_3253	422064	432252
EOG091G0EZO	SczhEnG_422	47586	58952
EOG091G0DQT	SczhEnG_293	331539	342713
EOG091G0DQS	SczhEnG_2278	81669	94494
EOG091G0MG7	SczhEnG_1655	158217	169197
EOG091G0AGM	SczhEnG_3511	194741	206465
EOG091G0I85	SczhEnG_1249	40128	50265
EOG091G0NM1	SczhEnG_750	345288	355383
EOG091G0H0S	SczhEnG_310	689361	702513
EOG091G03ZS	SczhEnG_1706	236964	254530
EOG091G0IGG	SczhEnG_1760	53861	67752
EOG091G0Q27	SczhEnG_2522	259768	271603
EOG091G0J14	SczhEnG_992	7753	19755
EOG091G1757	SczhEnG_2419	128127	138282
EOG091G0F0I	SczhEnG_828	454125	465253
EOG091G0X1Z	SczhEnG_2175	271226	284382
EOG091G00AH	SczhEnG_4006	41009	61128
EOG091G059G	SczhEnG_2745	1094961	1112393
EOG091G0DQ3	SczhEnG_4172	362306	372911
EOG091G0H07	SczhEnG_229	302999	314692
EOG091G0OFC	SczhEnG_1891	54183	67062
EOG091G0KGO	SczhEnG_1813	54899	65855
EOG091G03Z1	SczhEnG_151	0	13097
EOG091G0QNR	SczhEnG_200	3072	13167
EOG091G08NN	SczhEnG_2152	125182	138411
EOG091G0GN7	SczhEnG_1714	139842	150756
EOG091G0QNW	SczhEnG_2053	10119	21340
EOG091G0I8J	SczhEnG_3004	0	5296
EOG091G04WH	SczhEnG_3973	339920	351911
EOG091G02UC	SczhEnG_1766	198312	213998
EOG091G01Z2	SczhEnG_4133	0	16074
EOG091G0SNM	SczhEnG_3681	59386	70067
EOG091G0VIF	SczhEnG_2943	114119	125123
EOG091G0OUM	SczhEnG_3018	122399	133073
EOG091G0M0S	SczhEnG_2825	102571	112864
EOG091G0M0T	SczhEnG_1415	375463	387349
EOG091G06P4	SczhEnG_3433	1293294	1305686
EOG091G050Q	SczhEnG_4231	407125	420217
EOG091G085U	SczhEnG_999	29026	40796
EOG091G0KNT	SczhEnG_3931	58763	71016
EOG091G0P5N	SczhEnG_276	357849	374755
EOG091G050A	SczhEnG_3631	353090	363722
EOG091G02NO	SczhEnG_843	223642	237105
EOG091G09T3	SczhEnG_310	342223	357669
EOG091G105E	SczhEnG_229	16095	26211
EOG091G02NH	SczhEnG_828	1022437	1043912
EOG091G09T6	SczhEnG_2278	110484	123471
EOG091G0TZX	SczhEnG_830	14469	24876
EOG091G04EX	SczhEnG_1277	60935	120453
EOG091G116R	SczhEnG_4068	56647	66778
EOG091G0U2U	SczhEnG_4111	113531	125610
EOG091G0CEW	SczhEnG_4033	287877	301009
EOG091G197A	SczhEnG_2053	8703	19615
EOG091G0AQA	SczhEnG_3754	55712	67997
EOG091G0PD3	SczhEnG_3918	74427	85234
EOG091G05TG	SczhEnG_3257	809253	828661
EOG091G0CEK	SczhEnG_3584	109475	119768
EOG091G0CEK	SczhEnG_3106	80266	94259
EOG091G0CEK	SczhEnG_841	78119	88370
EOG091G0CEG	SczhEnG_3957	157314	168141
EOG091G0S8Y	SczhEnG_3447	244001	254961
EOG091G08RU	SczhEnG_254	359887	373134
EOG091G0NQW	SczhEnG_2315	409580	423470
EOG091G09FV	SczhEnG_3512	106572	121273
EOG091G0MP6	SczhEnG_4089	19133	31720
EOG091G03OT	SczhEnG_2712	228100	245335
EOG091G0GBB	SczhEnG_3644	192568	202732
EOG091G0C8H	SczhEnG_1891	124525	140419
EOG091G0BPU	SczhEnG_1571	202917	217538
EOG091G10FG	SczhEnG_2106	21817	33039
EOG091G0B27	SczhEnG_3863	27636	37833
EOG091G0QCX	SczhEnG_65	473095	483571
EOG091G0GUK	SczhEnG_1706	86602	97267
EOG091G0GUK	SczhEnG_2561	86868	97239
EOG091G0GUK	SczhEnG_2844	1112505	1122849
EOG091G048B	SczhEnG_4320	92553	105849
EOG091G048B	SczhEnG_3777	28676	41635
EOG091G04JK	SczhEnG_2600	234966	246162
EOG091G07VQ	SczhEnG_86	93834	105410
EOG091G0BPX	SczhEnG_310	546740	558568
EOG091G03O0	SczhEnG_99	400371	417648
EOG091G0JI0	SczhEnG_532	190034	201611
EOG091G0DVQ	SczhEnG_2144	86178	98245
EOG091G0IRO	SczhEnG_4234	412911	424814
EOG091G08UU	SczhEnG_1990	47036	62757
EOG091G0Y6M	SczhEnG_2978	604429	614512
EOG091G0C84	SczhEnG_2060	39878	54108
EOG091G0RI9	SczhEnG_828	376152	386385
EOG091G0SOZ	SczhEnG_3487	398807	412761
EOG091G05T4	SczhEnG_1174	18032	28985
EOG091G05T4	SczhEnG_3058	862643	877681
EOG091G0ZDR	SczhEnG_1137	502964	513514
EOG091G03QC	SczhEnG_979	62729	80701
EOG091G19WY	SczhEnG_3549	187568	199112
EOG091G03H4	SczhEnG_1910	127944	147176
EOG091G08R8	SczhEnG_4055	829084	840694
EOG091G0CNT	SczhEnG_3528	57842	70776
EOG091G0PAG	SczhEnG_1766	221178	233965
EOG091G0TCJ	SczhEnG_4033	170309	180557
EOG091G0R3S	SczhEnG_4084	195373	208954
EOG091G0C6I	SczhEnG_2013	379007	392751
EOG091G0IX8	SczhEnG_830	436654	448657
EOG091G0M4K	SczhEnG_2823	208863	219018
EOG091G0MLX	SczhEnG_2791	605140	622316
EOG091G0HML	SczhEnG_293	179066	191071
EOG091G0J69	SczhEnG_300	176881	187632
EOG091G0262	SczhEnG_2748	11919	33201
EOG091G0HMT	SczhEnG_2310	77566	87628
EOG091G0WZ0	SczhEnG_4084	145502	155762
EOG091G0HT4	SczhEnG_3631	308533	319938
EOG091G089T	SczhEnG_2712	785297	799223
EOG091G0Z43	SczhEnG_276	24491	34634
EOG091G05AH	SczhEnG_1415	555632	571283
EOG091G05AH	SczhEnG_2014	207012	217635
EOG091G05AH	SczhEnG_655	460731	471159
EOG091G0K1G	SczhEnG_99	293706	305903
EOG091G13XF	SczhEnG_929	330347	340439
EOG091G0V3C	SczhEnG_2522	296970	307378
EOG091G05AA	SczhEnG_4230	335386	351735
EOG091G0ULR	SczhEnG_10	583133	594259
EOG091G0KC3	SczhEnG_2823	270554	281000
EOG091G107U	SczhEnG_3381	193236	203367
EOG091G0MMY	SczhEnG_2444	215343	225852
EOG091G0FJB	SczhEnG_1598	453275	467169
EOG091G01VH	SczhEnG_1030	233443	267548
EOG091G0ERU	SczhEnG_2452	207194	218236
EOG091G0HJH	SczhEnG_2459	50769	63869
EOG091G0L5I	SczhEnG_2508	69299	81454
EOG091G0TQF	SczhEnG_3234	145909	156751
EOG091G0VMU	SczhEnG_3823	438852	449118
EOG091G0LMX	SczhEnG_1415	131459	142629
EOG091G02C8	SczhEnG_2893	101196	111405
EOG091G0K1H	SczhEnG_78	70045	82246
EOG091G0FZN	SczhEnG_359	91008	101109
EOG091G0LMQ	SczhEnG_21	130217	141661
EOG091G0FXV	SczhEnG_627	168108	178197
EOG091G031X	SczhEnG_2046	29315	45529
EOG091G05OR	SczhEnG_538	621782	645091
EOG091G05OW	SczhEnG_1403	33942	51820
EOG091G0K1Z	SczhEnG_4231	395118	406321
EOG091G0YU6	SczhEnG_4171	956	11222
EOG091G0D04	SczhEnG_3208	7335	17448
EOG091G03FL	SczhEnG_1463	226716	240271
EOG091G0IXY	SczhEnG_1345	25289	35660
EOG091G0IXT	SczhEnG_4396	77015	90134
EOG091G09YB	SczhEnG_3054	374236	394216
EOG091G00Q0	SczhEnG_1721	207887	228285
EOG091G0YVI	SczhEnG_386	534344	544481
EOG091G0RRT	SczhEnG_3206	1141771	1152572
EOG091G0ER1	SczhEnG_2145	127059	139922
EOG091G026I	SczhEnG_1879	49911	70982
EOG091G0KJA	SczhEnG_3433	995559	1005858
EOG091G0KJA	SczhEnG_4375	8607	20358
EOG091G0LBN	SczhEnG_2740	155801	165911
EOG091G026F	SczhEnG_1564	36830	46952
EOG091G0HTU	SczhEnG_3681	264030	276312
EOG091G0HTU	SczhEnG_2775	0	7203
EOG091G0CSZ	SczhEnG_146	112014	124364
EOG091G0CSZ	SczhEnG_2307	558033	568371
EOG091G079R	SczhEnG_4038	24788	38009
EOG091G08VB	SczhEnG_276	47885	66020
EOG091G07CE	SczhEnG_1298	197104	218644
EOG091G03TZ	SczhEnG_1910	190610	206172
EOG091G09KX	SczhEnG_3381	665879	676586
EOG091G03TX	SczhEnG_3366	28159	49291
EOG091G08Y9	SczhEnG_2727	234586	245360
EOG091G0GI9	SczhEnG_2459	237072	247221
EOG091G0R0A	SczhEnG_841	81891	93486
EOG091G09KI	SczhEnG_101	386632	396778
EOG091G09KI	SczhEnG_4106	653375	663482
EOG091G09KI	SczhEnG_1614	13594	23701
EOG091G09KK	SczhEnG_1726	327014	341529
EOG091G0HC5	SczhEnG_3701	430207	440347
EOG091G13IJ	SczhEnG_3574	40328	56805
EOG091G0A0M	SczhEnG_3796	234095	246068
EOG091G11O6	SczhEnG_3261	37008	47280
EOG091G11O6	SczhEnG_1114	45262	56600
EOG091G11O6	SczhEnG_3482	43848	54060
EOG091G075F	SczhEnG_2315	779085	792936
EOG091G0LP5	SczhEnG_1313	138847	149101
EOG091G0IDE	SczhEnG_4234	376687	386779
EOG091G07D9	SczhEnG_101	414405	425646
EOG091G0FSK	SczhEnG_1422	480589	491367
EOG091G04GW	SczhEnG_3505	222663	241727
EOG091G0IZX	SczhEnG_1812	1521	15021
EOG091G0IDP	SczhEnG_2452	147040	159347
EOG091G05XY	SczhEnG_1478	0	14994
EOG091G0E11	SczhEnG_3803	227418	238788
EOG091G0CAR	SczhEnG_2478	76170	91122
EOG091G03JF	SczhEnG_3928	20574	34350
EOG091G10SJ	SczhEnG_2729	31738	41848
EOG091G0FS8	SczhEnG_3381	377929	388460
EOG091G07DR	SczhEnG_205	299762	312299
EOG091G1467	SczhEnG_1067	0	8358
EOG091G10SA	SczhEnG_1021	0	9950
EOG091G06JJ	SczhEnG_605	10988	22544
EOG091G05X1	SczhEnG_831	72748	83660
EOG091G14DH	SczhEnG_4103	104328	114504
EOG091G0X8F	SczhEnG_3381	411934	423038
EOG091G054P	SczhEnG_3808	175494	185883
EOG091G0L4M	SczhEnG_276	261311	276614
EOG091G0O6E	SczhEnG_3808	379875	390099
EOG091G0R04	SczhEnG_655	454991	465341
EOG091G0DRZ	SczhEnG_2712	1016599	1028677
EOG091G0BBO	SczhEnG_2324	520247	532681
EOG091G0JI1	SczhEnG_142	922480	934143
EOG091G0NP7	SczhEnG_1214	2472	12780
EOG091G0GIC	SczhEnG_3475	350867	361758
EOG091G0IMB	SczhEnG_121	0	6993
EOG091G0IMD	SczhEnG_10	437350	450004
EOG091G0CGO	SczhEnG_739	15235	27537
EOG091G0IMI	SczhEnG_2304	146499	157258
EOG091G08V8	SczhEnG_618	43764	56113
EOG091G06ON	SczhEnG_4287	20808	35565
EOG091G06OM	SczhEnG_101	469578	483907
EOG091G06OM	SczhEnG_2007	696179	706925
EOG091G0K98	SczhEnG_3670	0	6334
EOG091G0C2M	SczhEnG_603	120424	132841
EOG091G099D	SczhEnG_4200	17689	27817
EOG091G099D	SczhEnG_333	68665	78787
EOG091G0G3M	SczhEnG_3530	84514	98857
EOG091G02VO	SczhEnG_3253	9564	25398
EOG091G02VO	SczhEnG_1932	312217	325442
EOG091G02VO	SczhEnG_2444	63604	75625
EOG091G0J2W	SczhEnG_1221	453247	463882
EOG091G0QIP	SczhEnG_1891	29817	40323
EOG091G0TRW	SczhEnG_1221	132904	154480
EOG091G03B9	SczhEnG_3701	839551	879466
EOG091G0C2Z	SczhEnG_3155	465866	506145
EOG091G090D	SczhEnG_3081	294179	304936
EOG091G0JWK	SczhEnG_2066	411257	421592
EOG091G07Q3	SczhEnG_3058	613690	629235
EOG091G0D26	SczhEnG_3783	239375	249728
EOG091G06HP	SczhEnG_538	1833207	1844880
EOG091G0291	SczhEnG_647	333276	352188
EOG091G053R	SczhEnG_1571	42170	53929
EOG091G05EU	SczhEnG_3263	0	10401
EOG091G0FAM	SczhEnG_1807	94879	106077
EOG091G0769	SczhEnG_164	59808	80939
EOG091G0M3C	SczhEnG_152	186315	198269
EOG091G053D	SczhEnG_3644	415314	425895
EOG091G0Z6Z	SczhEnG_558	66036	76215
EOG091G0U3W	SczhEnG_2745	15393	25545
EOG091G0AVA	SczhEnG_4080	364013	379210
EOG091G15HV	SczhEnG_254	340741	353156
EOG091G0PNO	SczhEnG_2013	20974	31504
EOG091G0K95	SczhEnG_4195	81559	91798
EOG091G126L	SczhEnG_624	220678	231211
EOG091G0KM6	SczhEnG_4231	529841	541942
EOG091G0530	SczhEnG_3381	425865	442183
EOG091G0Q02	SczhEnG_1706	119565	130838
EOG091G126R	SczhEnG_2745	920910	931020
EOG091G029K	SczhEnG_3253	402681	413630
EOG091G05SE	SczhEnG_1809	445694	460806
EOG091G07QN	SczhEnG_3409	270042	284837
EOG091G1285	SczhEnG_1944	20831	30899
EOG091G09BP	SczhEnG_2740	139820	156008
EOG091G0BUH	SczhEnG_862	668941	682195
EOG091G0HQ3	SczhEnG_3433	54705	64875
EOG091G05FE	SczhEnG_2459	118329	128496
EOG091G02V5	SczhEnG_2085	631115	647519
EOG091G0T79	SczhEnG_354	278741	289136
EOG091G0T79	SczhEnG_624	110629	121600
EOG091G0BUD	SczhEnG_3261	51396	68518
EOG091G0BUD	SczhEnG_1932	67875	78276
EOG091G08O3	SczhEnG_1415	786601	799938
EOG091G0L3L	SczhEnG_386	323336	335852
EOG091G03BV	SczhEnG_1030	522110	537683
EOG091G0990	SczhEnG_4200	23011	36108
EOG091G08ZR	SczhEnG_538	168368	184704
EOG091G0S2R	SczhEnG_3574	1329	11421
EOG091G0MSR	SczhEnG_3243	42029	52391
EOG091G03Y8	SczhEnG_2066	420185	435171
EOG091G0OM4	SczhEnG_957	171470	181583
EOG091G0BN4	SczhEnG_2712	867957	879825
EOG091G0MSB	SczhEnG_2032	146150	159746
EOG091G0QPG	SczhEnG_2160	121476	131619
EOG091G0WLL	SczhEnG_1673	227933	239450
EOG091G0YHX	SczhEnG_1030	962176	973462
EOG091G0FWS	SczhEnG_964	20635	33865
EOG091G03PD	SczhEnG_3058	530855	547728
EOG091G0PEI	SczhEnG_74	494927	506839
EOG091G0MDT	SczhEnG_1706	0	9063
EOG091G01GC	SczhEnG_2740	174056	199109
EOG091G0DWW	SczhEnG_1812	596266	607728
EOG091G08D1	SczhEnG_3323	204144	218060
EOG091G0ZEJ	SczhEnG_2315	24712	35101
EOG091G02O6	SczhEnG_3245	176472	193979
EOG091G07NJ	SczhEnG_1491	131317	152720
EOG091G02O5	SczhEnG_1469	14365	27359
EOG091G06QP	SczhEnG_2324	167932	179578
EOG091G07N5	SczhEnG_2307	23088	33348
EOG091G0H8F	SczhEnG_1927	0	8772
EOG091G0VSN	SczhEnG_1415	1546275	1556391
EOG091G08DN	SczhEnG_1885	141812	153056
EOG091G07N8	SczhEnG_3973	239454	255382
EOG091G0MS7	SczhEnG_1415	383512	393604
EOG091G02OE	SczhEnG_1415	1396467	1406610
EOG091G0IVB	SczhEnG_1051	120314	141787
EOG091G0XQ3	SczhEnG_4080	380257	390409
EOG091G0I2Z	SczhEnG_2712	701789	711914
EOG091G0I2X	SczhEnG_3631	346007	356546
EOG091G0E5P	SczhEnG_3058	721431	733208
EOG091G0PHL	SczhEnG_458	0	10347
EOG091G03P0	SczhEnG_789	53099	73952
EOG091G13NA	SczhEnG_1188	17312	28968
EOG091G0AI5	SczhEnG_1477	46296	61153
EOG091G0JHQ	SczhEnG_142	151572	164348
EOG091G0BG4	SczhEnG_1415	3645	14845
EOG091G0XVD	SczhEnG_3783	255382	266036
EOG091G0HYF	SczhEnG_3058	854747	869099
EOG091G0AFP	SczhEnG_2686	29536	41999
EOG091G0BNI	SczhEnG_3146	110629	125549
EOG091G0MHM	SczhEnG_4011	8138	19719
EOG091G0NNO	SczhEnG_3783	23462	37692
EOG091G0XXM	SczhEnG_1813	78272	88508
EOG091G0EQR	SczhEnG_3155	360039	370116
EOG091G0GMC	SczhEnG_2169	54472	67852
EOG091G0II3	SczhEnG_2745	249661	259783
EOG091G0FYY	SczhEnG_3530	273422	284721
EOG091G0K0D	SczhEnG_4356	499349	509663
EOG091G065D	SczhEnG_3341	156723	169976
EOG091G0495	SczhEnG_1018	55926	69905
EOG091G05NK	SczhEnG_256	41783	62514
EOG091G0K0H	SczhEnG_1885	178929	189069
EOG091G0AJ6	SczhEnG_2978	371665	382456
EOG091G0D7V	SczhEnG_2106	56863	66967
EOG091G06CB	SczhEnG_1051	267	15597
EOG091G0FYA	SczhEnG_2978	771682	781768
EOG091G05NZ	SczhEnG_2844	200813	213149
EOG091G05NZ	SczhEnG_74	365764	377275
EOG091G05NZ	SczhEnG_2600	100349	138066
EOG091G0HSB	SczhEnG_4055	495785	507636
EOG091G0VZF	SczhEnG_2844	865648	876525
EOG091G06LW	SczhEnG_1939	116601	131079
EOG091G06LW	SczhEnG_3528	32069	42473
EOG091G06LW	SczhEnG_1673	253200	265562
EOG091G0TWR	SczhEnG_2250	414887	425075
EOG091G0TWR	SczhEnG_226	146513	156698
EOG091G0TWR	SczhEnG_1558	247654	257812
EOG091G0UUT	SczhEnG_3973	425766	436362
EOG091G167Y	SczhEnG_1092	60101	70331
EOG091G078D	SczhEnG_3433	1021316	1033398
EOG091G0T3D	SczhEnG_1726	68723	78821
EOG091G0EVK	SczhEnG_2036	89497	100445
EOG091G0VNB	SczhEnG_4103	521657	531893
EOG091G0A79	SczhEnG_2825	414930	428295
EOG091G0T5O	SczhEnG_2422	262680	272820
EOG091G0K9M	SczhEnG_4172	7996	19557
EOG091G1817	SczhEnG_666	58174	70642
EOG091G027G	SczhEnG_795	225757	244696
EOG091G05IK	SczhEnG_2522	108307	125107
EOG091G05IK	SczhEnG_4124	252795	265754
EOG091G05IK	SczhEnG_795	215330	229428
EOG091G05IH	SczhEnG_2622	91349	106834
EOG091G0BX3	SczhEnG_2968	90538	105543
EOG091G00CM	SczhEnG_2927	117676	135394
EOG091G1422	SczhEnG_2160	372737	382961
EOG091G0LCK	SczhEnG_395	17579	27713
EOG091G0MZC	SczhEnG_458	180812	192839
EOG091G0NRN	SczhEnG_4239	6513	16623
EOG091G08SM	SczhEnG_3781	82299	95572
EOG091G040G	SczhEnG_1564	354200	368405
EOG091G019V	SczhEnG_2275	218680	243360
EOG091G0MI7	SczhEnG_1047	37005	48000
EOG091G0MI7	SczhEnG_2712	865793	875966
EOG091G0MI7	SczhEnG_3441	571013	581183
EOG091G040L	SczhEnG_65	93194	108059
EOG091G0XN1	SczhEnG_2993	280360	290560
EOG091G0CR4	SczhEnG_999	238652	252446
EOG091G0781	SczhEnG_770	30966	43419
EOG091G05CI	SczhEnG_1486	21798	32538
EOG091G0UTL	SczhEnG_4089	58956	69956
EOG091G0UTL	SczhEnG_1249	227248	290108
EOG091G0UTL	SczhEnG_3441	570974	581192
EOG091G0BQF	SczhEnG_4230	137176	152032
EOG091G0EHF	SczhEnG_300	380681	393170
EOG091G049W	SczhEnG_246	397768	410087
EOG091G0FPM	SczhEnG_1188	89785	101708
EOG091G0FPM	SczhEnG_3315	45255	55629
EOG091G0TN4	SczhEnG_2662	119056	129644
EOG091G05N4	SczhEnG_458	205539	221378
EOG091G0FPV	SczhEnG_618	77873	90602
EOG091G0NMJ	SczhEnG_1227	33730	43971
EOG091G0307	SczhEnG_4103	350571	386018
EOG091G0307	SczhEnG_1809	71325	81906
EOG091G0EHZ	SczhEnG_3781	157222	169079
EOG091G0YCT	SczhEnG_1654	21681	34287
EOG091G0SRJ	SczhEnG_2085	550784	561215
EOG091G0GA7	SczhEnG_2243	447528	457719
EOG091G0SGH	SczhEnG_1415	368494	378655
EOG091G01XQ	SczhEnG_4113	120385	146088
EOG091G0Z4E	SczhEnG_254	447813	460052
EOG091G0B9B	SczhEnG_2530	31855	41926
EOG091G0UOM	SczhEnG_3973	342184	352594
EOG091G0F93	SczhEnG_830	491042	510279
EOG091G0QEQ	SczhEnG_4200	13441	25367
EOG091G0IUT	SczhEnG_4068	12845	23449
EOG091G01XD	SczhEnG_1721	57331	78142
EOG091G0977	SczhEnG_2978	187211	200420
EOG091G0IDG	SczhEnG_3955	113385	125170
EOG091G06U0	SczhEnG_3826	0	20420
EOG091G01XI	SczhEnG_4072	100296	112591
EOG091G0H5Q	SczhEnG_4084	466523	481168
EOG091G0BCO	SczhEnG_2145	243284	254189
EOG091G0ILS	SczhEnG_3389	246016	257042
EOG091G0L5D	SczhEnG_1800	93020	105070
EOG091G0L5D	SczhEnG_2592	160018	170536
EOG091G0LAR	SczhEnG_3838	83644	99146
EOG091G0L5H	SczhEnG_4356	228	10380
EOG091G0AEH	SczhEnG_2468	52961	65854
EOG091G0GZ4	SczhEnG_1030	283556	293666
EOG091G0AEL	SczhEnG_1188	147761	161342
EOG091G0EZ8	SczhEnG_417	140053	151848
EOG091G0N9D	SczhEnG_992	13276	24289
EOG091G0CID	SczhEnG_78	372676	384607
EOG091G0VSZ	SczhEnG_2313	113156	123464
EOG091G0ILG	SczhEnG_3519	65085	75168
EOG091G0L5Z	SczhEnG_2103	0	6646
EOG091G0L5X	SczhEnG_2662	115884	125982
EOG091G146E	SczhEnG_2791	613724	624613
EOG091G146E	SczhEnG_2494	16413	26625
EOG091G0JTR	SczhEnG_999	200128	213351
EOG091G057L	SczhEnG_193	88435	100464
EOG091G0VWO	SczhEnG_532	280061	290141
EOG091G09SS	SczhEnG_3263	469661	479816
EOG091G0AE2	SczhEnG_1421	45336	55788
EOG091G0JTG	SczhEnG_386	31642	41791
EOG091G0TNU	SczhEnG_4195	311304	322041
EOG091G0EMF	SczhEnG_101	457004	467168
EOG091G0W2D	SczhEnG_2964	348439	359743
EOG091G0AE9	SczhEnG_4287	236592	247698
EOG091G1CLN	SczhEnG_4124	148100	158189
EOG091G02E4	SczhEnG_1939	96180	107043
EOG091G0NKD	SczhEnG_3850	73497	84045
EOG091G0NKD	SczhEnG_1897	660917	671444
EOG091G087E	SczhEnG_1717	27199	37336
EOG091G0IDS	SczhEnG_874	0	9078
EOG091G0IDS	SczhEnG_908	68751	78885
EOG091G0Q7M	SczhEnG_4399	8912	19124
EOG091G02LY	SczhEnG_2978	637397	654673
EOG091G0Q1X	SczhEnG_1249	212657	223470
EOG091G0LB8	SczhEnG_1760	113555	126862
EOG091G0OI8	SczhEnG_4384	97063	107551
EOG091G0MLD	SczhEnG_2310	14737	24820
EOG091G0EUU	SczhEnG_2053	33833	46356
EOG091G0I1O	SczhEnG_401	363550	373971
EOG091G0W96	SczhEnG_3823	256983	269348
EOG091G0FTU	SczhEnG_3441	304736	321686
EOG091G0E06	SczhEnG_651	5151	17325
EOG091G0ZWE	SczhEnG_3482	43755	54078
EOG091G069C	SczhEnG_1812	358293	372912
EOG091G09MD	SczhEnG_4231	553879	574562
EOG091G11PB	SczhEnG_4084	321250	337914
EOG091G075K	SczhEnG_3994	460736	478385
EOG091G04GK	SczhEnG_684	226472	238536
EOG091G0RPE	SczhEnG_3433	1204743	1216180
EOG091G0EH8	SczhEnG_4356	242804	256858
EOG091G05RA	SczhEnG_3315	70292	80756
EOG091G03JX	SczhEnG_1463	25878	43449
EOG091G09MU	SczhEnG_874	327842	346237
EOG091G06S3	SczhEnG_547	219430	235598
EOG091G10IX	SczhEnG_1813	59278	69412
EOG091G01MK	SczhEnG_3468	66154	92312
EOG091G09J7	SczhEnG_141	21288	36604
EOG091G0ES6	SczhEnG_2275	24751	36861
EOG091G15HS	SczhEnG_3058	726766	737607
EOG091G062X	SczhEnG_4215	126818	155974
EOG091G0GWO	SczhEnG_3381	58598	70617
EOG091G0MY8	SczhEnG_1598	175974	187774
EOG091G03AN	SczhEnG_1249	43670	62829
EOG091G07PR	SczhEnG_3255	99330	113819
EOG091G0GWF	SczhEnG_1946	362121	377968
EOG091G0GWF	SczhEnG_1249	227242	290114
EOG091G0LZ0	SczhEnG_1030	217792	230437
EOG091G07PV	SczhEnG_2149	45468	61884
EOG091G04LC	SczhEnG_4068	432371	444094
EOG091G09D8	SczhEnG_1514	15301	26457
EOG091G09D8	SczhEnG_4134	289777	299974
EOG091G0LCT	SczhEnG_2825	27471	38339
EOG091G0OPI	SczhEnG_655	33023	44242
EOG091G0Q58	SczhEnG_1655	48275	58418
EOG091G0Q58	SczhEnG_1497	0	7209
EOG091G011X	SczhEnG_3433	713393	732542
EOG091G0SU6	SczhEnG_3050	40599	51521
EOG091G0628	SczhEnG_2986	241481	254569
EOG091G0KGX	SczhEnG_2838	163118	175506
EOG091G0BDT	SczhEnG_3538	630	11364
EOG091G0S5L	SczhEnG_4230	23519	37701
EOG091G03SE	SczhEnG_142	582224	595645
EOG091G0RVD	SczhEnG_1477	69430	80980
EOG091G0NVA	SczhEnG_1821	94808	111207
EOG091G0LVQ	SczhEnG_1812	228264	239429
EOG091G0M0J	SczhEnG_2781	196996	208465
EOG091G18BK	SczhEnG_1464	1890	12048
EOG091G07IY	SczhEnG_830	58246	70870
EOG091G0ID9	SczhEnG_200	8538	22924
EOG091G0DXC	SczhEnG_2825	54624	73422
EOG091G0N2F	SczhEnG_1422	58301	68729
EOG091G0DXE	SczhEnG_1726	225559	237790
EOG091G00QT	SczhEnG_4356	344312	374362
EOG091G0LFF	SczhEnG_65	477803	489738
EOG091G0ELO	SczhEnG_4084	215711	225800
EOG091G0P5H	SczhEnG_828	630620	640721
EOG091G07IK	SczhEnG_4234	222373	240381
EOG091G0DXP	SczhEnG_24	40551	54361
EOG091G0XRQ	SczhEnG_1582	140669	150863
EOG091G0MY0	SczhEnG_3803	323899	336839
EOG091G0DXV	SczhEnG_1673	49210	60493
